File path,Num of jobs,Num of machines,Dataset,ARPD,Bestmakespan,Best sequence of all,P_max,S_min,S_max,Sigma_min,Sigma_max,pls,rho
../data/NEH/tests/t_j50_m10.txt,50,10,1,3.79396,3748,42 33 18 37 34 49 2 25 20 15 5 45 43 31 23 9 11 22 6 1 16 50 17 3 19 39 48 28 35 44 36 26 14 38 12 29 40 7 10 4 8 47 46 21 41 32 13 30 24 27 ,10,0,5,4,10,0.15,90
../data/NEH/tests/t_j50_m10.txt,50,10,1,3.2401,3728,42 33 18 37 44 36 46 34 23 2 25 16 15 45 13 5 9 43 50 6 26 11 20 22 19 17 3 31 1 48 28 35 30 32 14 38 12 29 40 7 10 4 8 47 21 41 49 24 39 27 ,10,0,5,4,10,0.15,90
../data/NEH/tests/t_j50_m10.txt,50,10,1,3.48934,3737,42 44 33 18 37 34 19 17 3 1 16 36 40 39 23 2 25 15 5 45 13 22 49 46 11 50 48 28 31 26 14 38 12 29 9 43 7 6 10 20 4 8 47 21 41 32 35 30 24 27 ,10,0,5,4,10,0.15,90
../data/NEH/tests/t_j50_m10.txt,50,10,2,3.42939,3589,35 50 11 49 41 28 12 19 36 39 43 47 34 21 15 8 29 16 5 1 7 17 23 14 38 25 46 27 40 33 4 31 6 37 20 18 30 2 45 10 32 13 26 44 22 9 42 3 24 48 ,10,0,5,4,10,0.15,90
../data/NEH/tests/t_j50_m10.txt,50,10,2,2.30548,3550,35 50 28 1 47 49 36 40 21 19 8 13 12 16 39 43 41 27 34 4 15 29 7 14 38 25 11 46 3 5 33 32 31 6 37 20 18 30 2 17 45 10 26 44 22 9 23 42 24 48 ,10,0,5,4,10,0.15,90
../data/NEH/tests/t_j50_m10.txt,50,10,2,2.44957,3555,35 50 28 12 34 39 43 41 27 21 8 19 13 16 36 15 47 4 40 7 29 23 14 33 25 11 46 49 17 5 1 32 31 6 37 20 18 30 2 45 10 38 26 44 22 9 42 3 24 48 ,10,0,5,4,10,0.15,90
../data/NEH/tests/t_j50_m10.txt,50,10,3,2.82828,3563,24 4 28 45 10 50 41 38 47 44 42 20 29 13 43 48 30 6 36 26 23 37 16 15 32 11 49 27 3 5 17 31 39 2 19 9 25 46 14 18 33 1 40 7 35 34 21 22 12 8 ,10,0,5,4,10,0.15,90
../data/NEH/tests/t_j50_m10.txt,50,10,3,2.82828,3563,24 4 28 45 10 50 41 38 47 44 42 20 29 13 43 48 30 6 36 26 23 37 16 15 32 11 49 27 3 5 17 31 39 2 19 9 25 46 14 18 33 1 40 7 35 34 21 22 12 8 ,10,0,5,4,10,0.15,90
../data/NEH/tests/t_j50_m10.txt,50,10,3,2.82828,3563,24 4 28 45 10 50 41 38 47 44 42 20 29 13 43 48 30 6 36 26 23 37 16 15 32 11 49 27 3 5 17 31 39 2 19 9 25 46 14 18 33 1 40 7 35 34 21 22 12 8 ,10,0,5,4,10,0.15,90
../data/NEH/tests/t_j50_m10.txt,50,10,4,3.15068,3765,20 10 28 19 34 5 22 24 26 30 2 41 6 14 47 49 40 38 21 43 15 4 25 36 35 7 18 12 16 31 48 3 50 46 1 8 37 23 11 17 45 32 27 29 44 39 13 9 33 42 ,10,0,5,4,10,0.15,90
../data/NEH/tests/t_j50_m10.txt,50,10,4,3.0137,3760,20 5 10 28 19 2 22 31 14 30 35 26 25 36 1 24 21 49 6 47 43 3 4 38 12 15 18 44 41 48 27 40 16 46 8 37 23 11 17 45 50 32 7 29 34 39 13 9 33 42 ,10,0,5,4,10,0.15,90
../data/NEH/tests/t_j50_m10.txt,50,10,4,3.15068,3765,20 5 10 13 28 19 34 33 35 2 8 49 14 41 47 15 26 6 45 38 36 21 30 43 24 12 25 4 16 7 44 39 31 18 40 48 3 46 1 22 37 23 11 17 42 50 32 27 29 9 ,10,0,5,4,10,0.15,90
../data/NEH/tests/t_j50_m10.txt,50,10,5,3.18258,3696,6 10 42 25 2 46 31 26 13 3 4 8 47 24 14 15 38 27 22 37 19 44 21 50 30 1 36 48 12 39 45 43 34 35 33 11 5 9 7 17 40 49 41 18 29 28 16 20 23 32 ,10,0,5,4,10,0.15,90
../data/NEH/tests/t_j50_m10.txt,50,10,5,3.18258,3696,6 10 42 25 2 46 31 26 13 3 4 8 47 24 14 15 38 27 22 37 19 44 21 50 30 1 36 48 12 39 45 43 34 35 33 11 5 9 7 17 40 49 41 18 29 28 16 20 23 32 ,10,0,5,4,10,0.15,90
../data/NEH/tests/t_j50_m10.txt,50,10,5,3.18258,3696,6 10 42 25 2 46 31 26 13 3 4 8 47 24 14 15 38 27 22 37 19 44 21 50 30 1 36 48 12 39 45 43 34 35 33 11 5 9 7 17 40 49 41 18 29 28 16 20 23 32 ,10,0,5,4,10,0.15,90
../data/NEH/tests/t_j50_m10.txt,50,10,6,3.92047,3711,3 5 24 38 42 29 4 22 1 18 48 43 50 9 36 2 14 16 7 6 13 30 46 8 25 21 41 35 32 23 37 15 31 26 40 11 27 44 17 39 47 34 28 49 12 10 19 33 20 45 ,10,0,5,4,10,0.15,90
../data/NEH/tests/t_j50_m10.txt,50,10,6,2.80034,3671,3 24 38 5 42 25 14 9 7 8 2 30 22 18 6 13 43 50 1 46 29 36 10 48 33 4 16 41 32 21 23 37 15 31 26 40 11 27 44 17 39 47 34 20 45 28 49 19 35 12 ,10,0,5,4,10,0.15,90
../data/NEH/tests/t_j50_m10.txt,50,10,6,3.08037,3681,3 24 38 5 42 25 27 33 29 14 36 18 2 48 16 43 13 8 4 6 30 22 7 21 19 46 1 10 50 35 41 32 23 37 15 31 26 40 11 9 44 17 39 47 34 20 45 28 49 12 ,10,0,5,4,10,0.15,90
../data/NEH/tests/t_j50_m10.txt,50,10,7,3.38151,3791,41 48 49 2 37 32 16 14 19 28 50 5 47 38 29 39 4 3 22 43 7 9 1 24 10 25 11 35 42 15 12 34 21 17 45 18 23 27 44 20 33 40 46 26 8 30 6 13 31 36 ,10,0,5,4,10,0.15,90
../data/NEH/tests/t_j50_m10.txt,50,10,7,3.51786,3796,41 48 49 2 37 9 10 5 32 19 14 25 47 16 39 50 4 28 22 43 45 29 1 24 11 35 42 15 12 34 27 17 18 23 21 44 20 46 26 8 7 33 3 13 38 30 31 40 36 6 ,10,0,5,4,10,0.15,90
../data/NEH/tests/t_j50_m10.txt,50,10,7,2.64521,3764,41 33 48 49 37 10 32 16 30 50 19 5 14 45 47 29 39 4 3 38 22 8 7 9 28 43 25 1 2 24 11 35 42 15 12 34 21 17 18 23 27 44 20 6 40 46 26 13 31 36 ,10,0,5,4,10,0.15,90
../data/NEH/tests/t_j50_m10.txt,50,10,8,2.45139,3636,21 26 11 47 44 12 37 45 33 49 31 32 6 22 1 50 18 46 10 16 25 3 48 15 2 4 9 42 24 5 20 41 8 17 30 34 43 29 36 35 14 19 13 38 23 7 40 39 27 28 ,10,0,5,4,10,0.15,90
../data/NEH/tests/t_j50_m10.txt,50,10,8,2.45139,3636,21 26 11 47 44 12 37 45 33 49 31 32 6 22 1 50 18 46 10 16 25 3 48 15 2 4 9 42 24 5 20 41 8 17 30 34 43 29 36 35 14 19 13 38 23 7 40 39 27 28 ,10,0,5,4,10,0.15,90
../data/NEH/tests/t_j50_m10.txt,50,10,8,2.25416,3629,21 26 11 7 31 15 32 1 44 37 22 45 33 4 50 49 10 2 12 6 18 3 46 16 25 48 47 42 24 5 20 41 8 17 30 34 43 29 36 35 14 19 13 9 38 23 40 39 27 28 ,10,0,5,4,10,0.15,90
../data/NEH/tests/t_j50_m10.txt,50,10,9,3.30673,3624,33 45 30 40 44 22 16 27 34 2 23 41 18 48 4 3 11 42 17 43 24 20 46 8 6 47 14 19 12 37 38 31 36 32 49 9 1 26 39 5 13 28 21 35 10 50 15 7 29 25 ,10,0,5,4,10,0.15,90
../data/NEH/tests/t_j50_m10.txt,50,10,9,3.42075,3628,33 45 30 40 44 22 16 27 46 34 11 41 18 8 4 3 48 17 42 43 24 2 47 14 19 12 37 38 31 36 32 49 9 20 1 6 23 26 39 5 13 28 21 35 10 50 15 7 29 25 ,10,0,5,4,10,0.15,90
../data/NEH/tests/t_j50_m10.txt,50,10,9,3.47777,3630,33 45 30 40 44 22 27 2 50 47 41 18 48 4 3 16 11 17 34 43 24 35 39 8 6 23 42 14 19 12 10 26 36 32 9 49 5 38 31 20 1 13 28 21 37 46 15 7 29 25 ,10,0,5,4,10,0.15,90
../data/NEH/tests/t_j50_m10.txt,50,10,10,2.10643,3684,49 21 41 14 39 15 27 8 28 34 6 1 20 48 16 26 47 11 31 25 35 5 43 18 36 30 33 45 12 17 13 24 42 9 3 29 40 46 22 32 23 4 44 7 50 38 10 37 19 2 ,10,0,5,4,10,0.15,90
../data/NEH/tests/t_j50_m10.txt,50,10,10,2.49446,3698,49 21 41 14 39 15 27 4 8 34 6 1 48 16 3 47 20 25 35 26 7 31 43 11 18 36 30 33 45 12 17 13 28 42 44 9 29 40 46 22 5 32 24 23 50 38 10 37 19 2 ,10,0,5,4,10,0.15,90
../data/NEH/tests/t_j50_m10.txt,50,10,10,1.99557,3680,49 38 21 41 14 27 4 8 34 44 12 39 6 1 20 16 26 47 11 31 48 25 35 43 7 18 36 30 28 33 45 17 13 24 9 42 3 29 40 46 22 5 32 23 50 15 10 37 19 2 ,10,0,5,4,10,0.15,90
../data/NEH/tests/t_j200_m10.txt,200,10,1,3.03445,13548,28 94 1 172 85 117 132 189 64 179 97 185 119 112 32 155 27 177 84 52 158 55 21 183 80 75 109 186 93 123 137 76 67 90 160 176 197 167 127 57 36 23 146 35 192 200 104 187 19 135 16 102 22 151 24 170 111 39 30 152 33 124 190 198 164 100 70 41 66 153 166 56 131 13 141 126 143 62 17 130 180 46 142 89 169 175 173 45 159 118 165 149 43 15 150 125 134 196 138 42 115 194 44 122 144 50 162 72 157 77 37 163 120 3 18 20 87 154 106 9 178 139 78 98 133 61 73 65 29 156 71 47 91 60 53 68 6 129 147 113 99 188 103 191 25 69 83 2 81 5 184 116 107 4 174 199 145 54 101 182 12 193 121 92 31 136 195 74 105 14 48 59 79 49 82 58 7 63 8 171 108 181 11 86 128 38 26 10 88 110 96 140 161 40 95 51 114 168 34 148 ,10,0,5,4,10,0.15,90
../data/NEH/tests/t_j200_m10.txt,200,10,1,3.35387,13590,28 94 148 152 155 161 172 41 113 13 166 59 131 153 56 179 141 88 84 114 66 40 132 158 24 52 21 77 183 117 80 75 109 186 93 123 137 76 67 90 160 29 34 125 197 167 127 57 36 23 146 35 192 200 104 187 19 135 16 102 22 151 170 111 39 30 1 191 33 124 190 198 69 164 100 32 143 27 17 147 55 46 85 169 175 173 45 159 118 165 149 43 15 150 134 196 138 42 115 194 44 122 144 50 162 72 157 163 120 142 18 89 168 20 87 106 9 178 139 78 98 133 61 3 73 65 156 71 47 91 60 53 68 6 129 176 99 188 103 37 25 83 2 81 5 184 116 107 4 174 199 145 54 101 182 12 193 97 121 92 31 136 195 64 74 105 48 70 10 79 49 82 58 7 63 8 171 189 14 181 11 126 185 119 95 62 86 128 38 26 154 108 112 110 96 140 177 51 130 180 ,10,0,5,4,10,0.15,90
../data/NEH/tests/t_j200_m10.txt,200,10,1,3.8482,13655,148 152 191 85 155 175 172 189 117 185 13 56 141 114 95 46 89 169 59 174 19 17 106 84 55 200 132 183 80 75 109 186 93 123 137 76 67 90 160 29 34 125 197 167 127 57 36 23 146 35 192 168 142 161 69 104 187 147 180 21 97 16 27 102 22 151 24 170 111 39 52 30 1 33 124 190 198 164 100 41 66 135 166 131 40 126 153 119 177 32 143 51 173 45 159 118 165 149 43 15 150 134 196 138 42 115 194 44 122 144 50 162 72 157 77 37 163 120 28 18 20 87 154 9 178 139 78 98 133 61 3 73 65 94 156 71 47 91 60 53 68 129 176 113 99 188 103 6 25 83 2 81 5 184 116 107 4 179 199 145 54 101 182 12 193 121 92 31 136 195 64 74 105 48 70 112 79 49 82 58 7 63 8 171 108 14 181 11 62 86 128 38 26 88 110 96 140 10 158 130 ,10,0,5,4,10,0.15,90
../data/NEH/tests/t_j200_m10.txt,200,10,2,2.85823,13459,31 27 133 88 104 114 92 112 29 137 119 103 57 143 186 55 63 161 94 45 15 13 74 7 50 187 33 21 71 86 65 98 175 144 97 101 163 28 130 155 152 173 81 128 184 108 176 52 197 20 84 35 145 120 171 178 138 185 132 198 129 39 99 146 85 11 76 5 141 127 91 124 195 111 69 194 42 9 61 17 166 18 14 181 140 109 62 73 122 54 190 189 182 48 25 110 16 118 135 24 75 37 126 47 177 26 174 150 200 19 149 188 68 78 64 40 83 87 2 165 60 142 53 172 107 100 32 77 93 125 34 70 115 82 170 134 192 58 49 164 191 179 147 154 90 159 199 56 153 36 30 44 105 136 46 117 139 38 148 131 167 123 158 157 22 113 156 6 43 162 121 51 180 116 168 80 160 193 102 67 3 41 66 169 106 1 89 59 95 151 72 4 12 79 23 196 183 96 8 10 ,10,0,5,4,10,0.15,90
../data/NEH/tests/t_j200_m10.txt,200,10,2,2.96523,13473,42 31 133 88 104 57 137 7 188 124 195 111 69 50 61 55 143 194 103 27 145 63 96 112 161 94 15 119 164 29 17 183 45 187 33 71 86 65 98 175 144 97 101 163 28 13 155 152 173 81 128 184 108 52 176 197 84 35 53 99 79 120 171 178 138 185 132 198 129 39 166 146 85 11 76 5 141 127 91 18 14 181 140 109 62 73 122 54 190 189 182 48 25 110 16 118 135 24 75 37 126 9 177 26 174 150 200 19 149 74 92 68 78 64 40 83 87 2 165 4 60 142 196 172 107 100 32 77 93 125 34 70 115 82 170 134 192 58 191 179 90 159 114 49 21 154 20 130 199 56 153 36 186 44 105 136 46 117 139 38 148 131 167 123 158 157 22 113 156 6 43 162 121 51 180 116 168 80 160 193 102 67 3 41 66 169 106 1 89 59 95 151 72 12 147 30 23 47 8 10 ,10,0,5,4,10,0.15,90
../data/NEH/tests/t_j200_m10.txt,200,10,2,2.85823,13459,31 27 133 88 166 57 104 130 137 49 111 91 124 195 188 112 194 92 103 183 145 186 55 63 96 69 94 15 119 33 164 29 17 7 50 187 9 21 71 86 65 98 175 144 97 101 163 28 13 155 152 173 81 128 184 108 176 197 84 35 143 120 171 178 138 185 132 198 129 39 99 146 85 11 76 5 141 127 61 18 14 181 140 109 62 73 122 54 190 189 182 48 25 110 16 118 135 24 75 37 42 126 177 26 174 150 200 19 149 74 68 78 45 40 83 87 2 165 60 53 79 196 172 107 100 32 77 93 125 34 70 115 82 170 134 192 58 191 179 90 159 114 52 72 154 20 4 161 199 56 153 36 30 44 105 136 46 117 139 38 148 131 167 123 158 157 22 113 156 6 43 162 121 51 180 116 168 80 160 193 102 67 3 41 66 169 106 1 89 59 95 151 12 147 142 23 64 47 8 10 ,10,0,5,4,10,0.15,90
../data/NEH/tests/t_j200_m10.txt,200,10,3,3.06455,13587,97 52 95 83 8 134 104 125 199 21 140 43 85 36 191 4 77 34 70 109 124 114 65 188 12 40 87 149 200 127 81 56 76 139 11 7 71 26 48 132 35 61 42 101 50 18 128 88 1 157 115 38 72 176 78 24 2 129 91 187 57 100 20 126 103 58 39 119 141 186 29 192 181 148 150 183 9 41 16 64 23 59 14 10 27 3 69 60 15 89 68 118 121 108 185 189 154 102 84 133 198 184 46 123 146 96 136 93 33 28 51 32 66 44 147 13 62 174 159 54 17 182 162 122 169 55 144 193 105 106 171 90 6 82 197 49 179 67 168 170 161 156 167 31 151 47 194 158 80 137 75 19 79 120 22 74 130 143 107 117 165 152 116 155 190 160 178 173 180 92 153 25 98 175 53 86 99 131 111 196 145 112 30 73 45 113 172 142 63 94 110 163 37 177 164 5 166 195 138 135 ,10,0,5,4,10,0.15,90
../data/NEH/tests/t_j200_m10.txt,200,10,3,3.28453,13616,97 95 52 4 8 125 85 147 181 126 9 41 16 43 150 163 185 64 104 148 141 134 20 103 58 192 199 21 140 132 77 34 182 70 99 188 114 65 127 81 183 87 139 6 56 76 186 11 200 119 7 109 71 26 48 35 61 42 101 50 18 128 88 1 157 115 38 72 176 78 24 39 2 129 91 187 57 100 166 135 23 59 14 10 27 3 69 60 15 89 68 118 121 108 83 191 189 154 102 84 133 198 184 46 123 146 96 136 93 33 28 51 32 66 44 29 13 62 174 159 54 17 162 122 169 55 144 193 105 106 171 90 82 194 149 179 67 168 170 161 156 167 31 151 47 158 80 137 75 19 79 120 22 74 130 143 107 117 165 152 116 155 190 160 178 173 180 92 153 25 98 175 53 86 131 111 196 145 112 197 5 30 73 45 113 172 142 63 94 110 37 177 164 124 12 49 40 195 138 36 ,10,0,5,4,10,0.15,90
../data/NEH/tests/t_j200_m10.txt,200,10,3,2.86733,13561,97 52 95 83 8 134 104 125 199 21 36 103 58 20 140 77 34 182 70 99 197 114 124 127 81 110 65 188 11 109 40 12 148 195 200 54 6 56 76 139 138 119 7 71 26 194 48 35 61 42 101 50 18 128 88 1 157 181 43 141 85 126 132 38 72 176 78 24 39 2 129 91 187 57 180 4 166 100 147 150 115 9 49 179 185 64 23 59 14 10 27 3 69 60 15 89 68 118 183 121 108 191 189 154 102 84 133 198 184 46 123 146 96 136 93 33 28 51 32 66 44 29 13 62 174 159 41 162 122 169 55 144 193 105 106 171 90 82 149 67 168 170 161 156 167 31 151 47 87 158 80 137 75 19 79 120 22 74 130 143 107 117 165 152 116 155 190 160 178 173 192 92 153 25 98 175 53 86 131 111 196 145 112 30 73 45 113 172 142 63 94 163 17 16 37 177 164 5 186 135 ,10,0,5,4,10,0.15,90
../data/NEH/tests/t_j200_m10.txt,200,10,4,2.55784,13432,160 90 11 187 56 196 189 76 61 147 178 158 5 192 32 42 3 179 55 125 120 50 144 38 180 118 71 145 119 190 25 111 161 115 106 181 35 108 19 77 200 83 198 72 60 85 93 110 114 191 29 7 49 148 175 31 18 141 109 169 139 127 2 182 104 98 81 9 156 140 96 87 142 80 132 67 185 36 74 130 92 188 137 131 64 79 21 44 57 176 197 112 45 116 100 30 195 186 89 78 48 102 159 152 53 171 52 177 54 149 97 58 103 69 126 75 194 37 20 66 13 33 134 133 136 15 173 59 165 65 23 146 88 122 113 121 14 40 84 63 34 166 12 155 86 174 151 128 24 82 62 123 163 170 168 68 124 135 1 39 101 183 162 16 150 157 28 27 73 154 138 6 129 164 172 46 167 22 193 70 143 117 47 10 107 153 26 43 95 94 184 91 41 8 4 51 105 99 17 199 ,10,0,5,4,10,0.15,90
../data/NEH/tests/t_j200_m10.txt,200,10,4,2.70291,13451,90 160 187 11 56 120 189 115 106 181 35 108 19 77 83 192 198 7 85 148 175 49 114 31 18 46 2 60 95 101 127 129 139 43 167 141 182 109 94 169 91 64 41 164 190 9 156 140 96 87 142 80 132 67 185 36 76 161 32 131 196 147 145 178 50 71 119 188 173 137 25 29 88 104 200 170 180 105 42 3 179 55 184 61 79 21 44 57 197 112 45 116 100 30 195 186 89 78 48 102 159 152 53 171 52 177 54 149 97 58 103 5 126 75 194 37 20 66 13 33 133 74 144 92 136 15 59 165 65 23 146 81 122 113 121 191 72 14 40 84 63 34 166 12 155 86 98 174 151 128 24 111 82 62 123 176 163 168 68 124 135 118 39 1 38 183 162 16 150 157 28 27 73 154 138 6 93 172 22 193 70 143 117 47 10 107 153 26 134 130 125 69 110 8 4 51 199 99 17 158 ,10,0,5,4,10,0.15,90
../data/NEH/tests/t_j200_m10.txt,200,10,4,2.77926,13461,90 160 187 11 196 120 76 50 56 74 38 67 185 145 15 188 137 80 132 42 192 182 176 200 170 91 180 3 164 51 144 130 125 161 190 189 115 106 181 35 108 8 32 105 92 147 36 83 110 19 77 7 85 148 29 2 60 169 49 191 31 175 18 172 109 46 114 72 95 101 127 129 141 41 94 104 167 98 9 156 140 96 87 142 25 118 81 17 178 131 111 69 179 55 184 61 79 21 44 57 197 112 45 116 100 30 195 186 89 78 48 102 159 152 53 171 52 177 54 149 97 58 103 5 126 75 194 37 20 66 13 33 71 136 119 173 59 165 65 23 146 88 122 113 121 14 40 84 63 34 166 12 155 86 174 151 128 24 82 62 123 158 163 168 68 124 135 1 39 183 162 16 150 157 28 27 73 154 138 6 93 22 193 70 143 117 47 10 107 153 26 43 198 139 4 134 64 99 133 199 ,10,0,5,4,10,0.15,90
../data/NEH/tests/t_j200_m10.txt,200,10,5,2.92366,13483,198 46 40 164 67 14 61 33 38 60 12 117 64 168 91 126 2 35 172 73 124 32 74 89 79 105 111 108 181 55 193 96 135 98 154 7 112 130 199 200 136 128 53 134 78 142 76 77 19 119 75 145 41 56 87 152 83 115 85 13 6 166 94 149 186 185 178 29 3 109 48 63 140 146 132 157 51 188 163 72 153 52 84 92 194 127 103 182 138 21 25 23 42 170 47 141 1 27 143 100 180 16 31 118 68 82 70 175 144 17 121 187 20 114 39 129 162 9 88 44 116 167 139 122 93 30 125 86 4 11 95 8 165 192 131 26 155 120 59 123 189 160 65 159 18 107 10 71 161 147 191 110 176 196 37 171 179 190 36 113 137 177 43 104 62 81 97 106 15 80 151 66 102 34 5 54 99 148 156 183 49 133 69 169 24 197 45 28 57 184 158 150 101 173 50 195 22 58 90 174 ,10,0,5,4,10,0.15,90
../data/NEH/tests/t_j200_m10.txt,200,10,5,2.81679,13469,198 46 40 164 67 192 61 33 65 168 91 126 2 35 172 73 124 32 89 79 105 111 108 181 55 193 95 135 154 7 130 199 200 136 163 53 134 142 119 75 145 41 56 112 19 156 152 83 115 85 13 6 166 94 149 186 185 178 29 3 109 48 63 140 146 132 125 96 157 188 51 12 117 58 101 26 4 11 72 74 98 52 84 92 194 127 103 182 138 21 25 23 42 170 47 141 1 27 143 100 180 16 31 118 68 82 70 175 144 17 121 187 20 114 39 129 162 9 88 44 116 167 139 122 93 86 38 50 60 8 64 131 153 128 90 155 76 14 120 59 123 189 150 160 148 159 18 107 10 71 161 147 191 110 176 196 37 171 179 190 36 113 137 177 43 104 62 78 173 81 97 106 15 80 151 66 102 34 5 54 99 77 183 49 133 69 169 24 87 197 45 28 57 184 158 165 195 22 30 174 ,10,0,5,4,10,0.15,90
../data/NEH/tests/t_j200_m10.txt,200,10,5,3.06107,13501,198 46 40 164 67 14 192 57 194 132 26 96 72 188 12 22 61 52 157 60 125 33 117 168 91 126 2 35 172 73 124 32 74 92 89 79 105 111 108 181 55 95 135 154 7 130 199 200 163 119 53 134 84 133 142 19 75 77 145 41 56 87 152 83 115 85 13 6 166 94 195 186 185 11 178 29 3 109 48 63 140 127 103 182 138 21 25 23 42 170 47 141 1 27 143 100 180 16 31 118 68 82 70 175 144 17 121 187 20 114 39 129 162 9 88 44 116 167 139 122 93 30 86 4 51 8 64 131 98 153 38 128 90 155 76 193 120 59 123 189 160 65 159 18 107 50 10 71 161 147 191 110 176 196 37 171 179 190 36 113 137 177 43 104 62 78 173 81 97 106 15 80 151 66 102 34 5 54 99 148 156 183 49 69 169 24 150 197 112 45 28 136 184 158 165 149 58 101 146 174 ,10,0,5,4,10,0.15,90
../data/NEH/tests/t_j200_m10.txt,200,10,6,3.29892,13308,147 36 9 85 143 18 138 29 102 130 164 93 70 120 5 161 8 136 24 151 150 86 10 139 169 105 188 194 4 56 124 88 72 31 112 129 200 66 121 81 117 30 160 43 118 107 76 78 187 132 28 115 53 172 89 173 25 184 127 21 125 15 44 149 182 142 99 171 116 46 140 35 133 84 38 156 98 198 11 199 67 79 174 159 186 126 146 41 155 75 94 153 68 40 178 131 195 13 52 69 183 134 145 55 162 191 17 59 189 1 64 179 77 51 177 90 181 26 135 157 180 12 14 170 47 141 82 16 119 91 65 3 54 185 111 163 96 92 193 196 108 192 42 61 62 128 23 100 95 34 101 49 110 109 168 166 60 190 71 165 73 158 50 148 97 2 22 104 33 122 197 27 63 154 144 48 175 176 80 20 7 113 137 19 32 87 58 45 83 167 123 74 152 106 39 114 57 6 103 37 ,10,0,5,4,10,0.15,90
../data/NEH/tests/t_j200_m10.txt,200,10,6,2.89529,13256,9 85 143 18 138 29 102 130 164 93 70 139 5 188 4 32 194 87 124 88 137 31 113 46 129 136 169 200 121 81 117 30 160 43 118 107 76 78 187 132 197 115 53 172 6 173 25 184 127 21 125 15 44 149 86 142 99 182 161 171 116 101 35 133 84 38 156 98 112 151 198 11 199 67 79 174 159 186 126 146 41 155 75 94 153 68 40 178 131 195 13 36 52 69 183 134 145 55 162 191 17 59 189 1 64 179 77 51 177 90 181 26 135 157 180 12 14 170 47 141 82 16 119 91 65 3 54 185 111 163 96 92 193 120 196 108 192 42 61 62 128 23 100 95 34 49 110 140 109 168 166 60 190 71 165 73 158 50 148 97 2 22 104 33 37 122 63 154 144 48 175 176 80 20 7 105 19 103 27 58 45 83 167 123 66 8 150 56 24 74 152 39 10 72 114 57 106 89 28 147 ,10,0,5,4,10,0.15,90
../data/NEH/tests/t_j200_m10.txt,200,10,6,2.91081,13258,100 9 85 143 18 138 29 95 197 79 151 198 11 10 67 102 130 164 120 70 150 188 105 194 32 56 24 88 182 31 167 107 139 140 45 129 5 124 169 200 121 81 117 30 160 43 118 76 78 187 132 53 172 6 173 25 184 127 21 125 15 44 149 86 142 99 171 116 46 27 101 35 133 84 38 156 98 112 66 8 115 93 174 159 123 103 186 136 146 137 75 94 153 68 40 195 178 131 13 52 69 183 134 145 55 162 191 17 59 189 1 64 179 77 51 177 90 181 26 135 157 180 12 14 170 47 141 82 16 119 91 65 3 54 185 199 111 163 96 92 193 196 108 192 42 61 62 128 126 23 36 34 49 110 109 168 166 60 190 71 165 73 158 50 148 97 2 22 104 33 37 122 63 154 144 48 175 176 80 20 7 113 4 19 87 161 58 155 83 74 152 106 39 41 72 114 57 89 28 147 ,10,0,5,4,10,0.15,90
../data/NEH/tests/t_j200_m10.txt,200,10,7,2.43884,13735,198 147 15 169 135 76 36 90 111 142 154 58 13 148 181 52 11 26 38 179 116 177 170 85 45 86 173 144 108 96 42 178 29 139 53 77 57 73 71 35 93 167 70 114 60 3 184 122 2 81 152 7 161 200 67 27 149 175 47 23 190 43 5 155 195 100 75 129 106 176 182 80 65 33 49 141 14 34 91 143 63 115 56 39 165 18 151 31 62 140 30 130 134 74 188 128 171 103 124 82 8 189 137 172 118 89 87 9 19 105 194 136 199 79 6 32 150 1 48 120 180 109 163 164 28 50 16 12 10 78 168 197 166 72 69 125 66 146 113 84 183 92 138 156 59 64 55 21 37 44 157 185 68 41 121 54 127 104 4 20 159 133 112 192 117 187 24 40 191 174 25 83 94 51 162 160 22 193 95 119 123 107 101 99 131 158 110 102 132 186 61 153 88 17 98 196 46 145 126 97 ,10,0,5,4,10,0.15,90
../data/NEH/tests/t_j200_m10.txt,200,10,7,2.81175,13785,198 147 80 117 135 36 182 141 192 65 33 112 28 39 46 56 145 165 123 169 18 31 76 111 142 154 58 13 148 181 52 11 26 38 179 116 177 170 85 45 86 173 144 108 96 42 178 29 139 53 77 57 73 71 35 93 167 70 114 60 3 2 81 152 7 161 200 27 149 47 187 190 43 5 155 195 100 75 129 106 40 90 14 119 49 133 122 88 91 143 196 63 151 62 140 30 130 134 74 188 128 171 103 124 82 8 189 137 172 118 89 87 9 19 105 194 136 199 79 6 32 150 1 48 120 180 109 168 163 164 159 12 10 78 197 166 72 69 125 66 146 113 84 183 92 175 55 158 138 64 21 37 44 157 185 68 41 121 54 127 104 4 20 24 50 34 191 174 25 83 94 51 162 160 22 95 184 176 107 101 16 99 110 131 102 186 61 153 193 156 59 132 67 17 23 98 115 15 126 97 ,10,0,5,4,10,0.15,90
../data/NEH/tests/t_j200_m10.txt,200,10,7,3.31891,13853,198 147 80 123 131 140 130 193 156 65 153 43 195 129 106 190 133 62 40 14 5 33 49 187 50 30 134 90 143 174 128 171 122 184 163 119 91 112 46 100 115 192 36 182 11 39 71 196 135 141 23 165 117 25 63 151 88 169 18 24 31 76 111 142 154 58 13 148 181 52 26 38 179 116 177 170 85 45 86 173 144 108 96 42 178 29 139 53 77 57 73 15 35 93 167 70 114 60 3 2 81 152 7 161 200 27 188 47 74 103 124 82 8 189 137 172 118 89 87 9 19 105 194 136 199 79 6 32 150 1 48 120 180 109 168 145 164 28 12 10 78 197 166 72 69 125 66 146 113 84 183 92 175 138 59 55 158 21 44 157 67 68 41 121 54 127 104 4 20 159 75 34 191 155 37 83 94 51 162 160 22 95 176 107 101 16 99 110 102 186 64 61 132 185 149 17 56 98 126 97 ,10,0,5,4,10,0.15,90
../data/NEH/tests/t_j200_m10.txt,200,10,8,2.872,13647,114 82 65 131 58 7 61 79 136 17 161 56 184 33 137 81 42 27 200 99 178 113 95 147 138 123 77 86 146 3 54 194 145 89 102 109 11 111 156 181 125 2 154 72 121 71 142 31 124 6 160 133 39 30 148 45 130 166 103 18 155 83 183 108 43 36 106 150 190 55 117 37 98 44 135 66 47 168 76 191 175 4 49 118 122 26 20 169 16 29 85 74 116 170 80 91 64 50 189 96 24 53 46 167 34 93 185 197 23 143 70 19 40 51 100 129 8 48 193 119 132 177 35 57 141 163 12 110 94 128 52 14 139 134 195 22 107 101 180 182 176 192 120 25 60 10 199 75 165 90 152 174 59 97 151 73 173 67 68 28 188 38 112 179 9 21 186 78 172 159 187 13 196 198 62 32 104 88 69 164 5 115 140 15 162 157 126 127 63 144 171 158 149 41 105 92 84 87 1 153 ,10,0,5,4,10,0.15,90
../data/NEH/tests/t_j200_m10.txt,200,10,8,2.44987,13591,114 168 65 131 7 61 99 42 17 77 41 122 178 102 175 26 191 49 27 95 58 200 161 44 45 54 184 6 33 160 172 81 136 171 113 13 158 199 138 86 159 146 3 194 79 123 37 89 179 145 109 11 176 84 156 181 125 2 154 72 121 71 142 31 124 78 133 39 30 148 111 28 130 166 103 18 155 83 183 108 43 36 106 150 190 55 117 4 120 76 169 16 29 85 74 116 170 80 91 64 50 189 96 24 53 46 167 34 93 185 197 23 143 70 19 40 51 100 8 48 193 119 132 177 35 57 141 163 12 110 94 128 52 14 139 134 195 22 107 101 180 182 105 192 66 25 60 10 75 165 90 152 174 59 97 118 151 73 129 173 67 188 82 38 137 112 9 186 187 196 198 62 32 104 88 69 164 5 115 140 15 162 157 126 127 98 147 63 144 149 20 135 47 21 92 56 68 87 1 153 ,10,0,5,4,10,0.15,90
../data/NEH/tests/t_j200_m10.txt,200,10,8,2.29911,13571,114 168 65 131 7 61 99 199 42 45 69 27 95 158 200 191 178 73 47 44 4 184 33 160 129 172 81 136 171 113 54 161 138 86 159 146 3 194 79 123 37 89 179 145 109 11 176 84 156 181 125 2 154 72 121 71 142 31 124 78 133 77 39 30 148 111 28 130 166 103 18 155 83 183 108 43 36 106 150 190 55 117 76 49 118 122 26 20 169 16 29 85 74 116 170 80 91 64 50 189 96 24 53 46 167 34 93 185 197 23 143 70 19 40 51 100 8 48 193 119 132 177 35 57 141 163 12 110 94 128 52 14 139 134 195 22 107 101 180 182 192 120 66 25 60 10 75 165 90 152 174 59 97 151 58 173 67 188 82 105 38 137 112 9 6 186 187 13 196 198 62 32 104 88 175 41 164 5 115 140 15 162 157 126 127 98 147 63 144 149 17 102 135 21 92 56 68 87 1 153 ,10,0,5,4,10,0.15,90
../data/NEH/tests/t_j200_m10.txt,200,10,9,3.03517,13477,97 165 176 91 12 199 19 56 24 58 198 28 72 101 195 138 136 94 37 111 130 36 173 153 52 120 14 114 169 79 154 43 107 145 46 68 38 33 54 21 65 106 177 64 30 125 186 168 189 48 124 92 162 66 148 108 134 47 150 103 182 102 93 200 122 179 157 156 83 119 191 164 70 175 49 71 17 15 161 73 192 126 184 22 171 141 133 89 137 44 31 166 45 62 113 104 82 132 53 121 5 129 181 26 149 180 57 40 3 135 118 77 110 67 11 159 99 13 109 88 170 18 174 100 39 187 20 55 78 105 98 178 61 16 29 86 185 167 7 142 190 9 197 128 96 6 172 34 158 194 4 35 116 25 140 123 163 69 196 50 60 160 127 146 143 8 85 84 193 59 10 63 41 131 183 32 147 139 1 27 112 152 95 51 23 117 75 151 80 2 90 87 81 115 76 74 144 188 42 155 ,10,0,5,4,10,0.15,90
../data/NEH/tests/t_j200_m10.txt,200,10,9,3.50153,13538,97 199 94 36 127 166 130 132 138 141 196 82 169 198 186 101 104 37 133 171 162 24 73 185 146 31 161 72 45 137 165 192 91 184 56 58 46 65 145 111 180 15 176 126 19 160 52 173 14 153 139 120 114 194 68 38 33 54 21 74 106 177 64 158 125 30 168 189 48 124 66 148 108 134 47 150 103 182 102 93 50 122 179 157 156 83 119 191 164 195 62 70 175 49 71 17 200 28 53 121 5 129 181 26 149 57 40 3 135 118 77 110 67 11 159 99 13 113 109 88 170 18 174 100 39 187 20 55 78 105 12 98 178 167 61 16 29 86 43 7 143 142 190 9 197 128 96 6 172 34 4 35 116 25 140 123 22 92 163 69 154 107 147 60 136 44 8 85 84 193 59 10 63 41 131 183 32 79 1 27 112 152 95 51 23 117 75 89 80 2 90 87 81 115 76 151 144 188 42 155 ,10,0,5,4,10,0.15,90
../data/NEH/tests/t_j200_m10.txt,200,10,9,3.50153,13538,97 199 19 138 158 12 165 169 94 101 111 176 82 151 171 44 104 37 22 136 133 65 72 62 46 36 52 173 14 43 120 114 28 89 32 147 7 194 68 38 33 54 115 21 30 106 177 64 125 186 168 189 48 124 66 148 108 134 47 150 103 182 102 93 200 122 179 157 156 83 119 191 180 58 70 175 49 71 17 15 161 73 192 195 184 141 126 137 198 31 166 45 188 196 130 132 53 121 5 129 181 26 149 57 40 3 135 118 77 56 110 67 11 159 99 13 109 88 170 18 174 100 39 187 20 55 78 105 98 178 61 16 29 86 185 167 81 190 92 162 9 197 128 96 6 172 34 91 24 4 35 116 25 140 123 164 163 69 154 107 50 60 42 127 146 143 183 160 142 8 85 84 193 59 10 63 41 131 1 153 139 27 79 112 152 95 51 23 117 75 145 80 2 90 87 113 144 76 74 155 ,10,0,5,4,10,0.15,90
../data/NEH/tests/t_j200_m10.txt,200,10,10,2.25877,13491,184 85 177 148 83 143 12 138 197 87 94 24 23 69 53 127 185 178 32 68 6 134 186 8 48 141 154 29 18 70 93 152 118 75 124 30 144 59 125 99 159 36 146 72 35 169 110 189 13 130 17 42 163 107 158 192 167 153 112 62 73 180 149 188 135 108 164 157 140 168 123 65 179 105 193 47 61 26 90 49 156 200 129 71 88 194 145 20 81 132 111 142 74 176 109 165 51 38 86 21 22 170 25 89 104 14 139 196 57 58 122 31 119 52 63 5 131 195 40 39 174 28 101 1 199 3 190 117 10 187 121 7 172 198 155 95 128 162 82 106 150 115 91 181 67 116 33 79 37 136 45 84 97 98 120 77 2 19 66 43 64 166 4 41 76 182 161 46 11 102 151 173 50 55 113 44 191 137 78 56 183 34 114 160 92 54 27 126 15 100 171 16 175 9 96 147 103 133 60 80 ,10,0,5,4,10,0.15,90
../data/NEH/tests/t_j200_m10.txt,200,10,10,1.84189,13436,177 148 12 138 197 87 94 24 23 69 53 127 185 178 32 68 6 134 186 8 48 141 154 29 18 70 93 152 118 75 59 49 169 71 189 133 13 130 17 42 163 158 192 167 153 112 62 73 180 149 188 135 108 85 123 140 168 143 65 179 105 193 47 61 26 30 144 156 200 129 36 159 110 72 90 35 80 99 125 88 194 145 20 81 132 111 142 74 176 109 165 51 38 86 21 22 170 25 89 104 164 139 196 57 58 122 31 119 52 63 5 131 195 40 39 174 28 101 1 199 3 190 117 10 187 121 7 172 198 155 95 128 83 162 82 106 150 115 91 181 67 116 33 79 37 107 45 84 97 98 120 77 2 19 66 43 64 166 4 41 76 182 161 46 11 102 151 173 50 55 113 44 191 137 78 56 183 34 114 160 92 54 27 126 15 100 146 171 16 175 9 96 124 147 103 136 60 14 157 184 ,10,0,5,4,10,0.15,90
../data/NEH/tests/t_j200_m10.txt,200,10,10,2.34215,13502,184 85 177 148 143 12 138 197 87 94 24 23 69 53 127 185 178 32 68 6 134 186 8 133 48 141 145 107 29 18 20 152 75 118 71 129 95 125 88 100 72 35 200 70 17 42 163 13 90 158 192 167 153 112 62 73 180 149 188 135 108 164 157 140 168 123 65 179 105 193 47 61 26 93 59 99 189 49 159 130 144 132 111 142 74 176 109 165 51 38 86 21 22 170 25 89 14 83 139 196 58 122 31 119 52 63 5 131 195 40 39 174 28 101 1 199 3 81 190 117 10 187 121 7 172 198 155 194 128 57 162 82 106 150 115 91 181 67 116 33 79 37 136 45 84 97 98 120 77 2 19 66 43 64 166 4 41 76 182 161 46 11 102 151 173 50 55 113 44 191 137 78 56 183 34 114 160 92 54 27 126 15 146 171 16 175 9 96 124 30 154 36 156 169 110 103 60 80 147 104 ,10,0,5,4,10,0.15,90
../data/NEH/tests/t_j100_m20.txt,100,20,1,3.54132,7982,54 1 78 51 92 59 62 11 61 94 14 85 46 65 3 83 76 91 25 17 79 90 68 4 44 28 57 93 2 66 58 27 32 84 88 77 86 12 98 95 73 74 5 71 80 87 9 39 37 49 53 55 47 43 60 99 16 81 67 33 82 10 100 35 23 45 56 48 21 6 29 22 72 26 63 42 70 52 31 34 15 19 96 64 24 30 20 18 7 40 8 41 36 13 75 89 97 38 50 69 ,10,0,5,4,10,0.15,90
../data/NEH/tests/t_j100_m20.txt,100,20,1,2.6722,7915,54 1 78 74 83 4 82 51 94 11 28 14 92 59 46 73 40 5 39 60 95 30 93 62 44 88 61 12 58 53 65 76 25 2 32 84 79 86 35 55 69 3 71 90 41 7 80 85 21 9 31 37 67 43 81 6 18 16 91 99 27 33 22 45 100 10 29 68 72 56 34 42 70 52 23 20 17 48 15 49 96 64 24 57 66 26 87 63 77 97 50 47 13 98 19 75 38 8 89 36 ,10,0,5,4,10,0.15,90
../data/NEH/tests/t_j100_m20.txt,100,20,1,3.54132,7982,1 11 82 8 25 9 54 65 74 77 83 4 39 28 32 51 49 78 84 59 79 35 66 80 61 5 40 18 76 89 2 97 86 31 85 50 98 43 3 46 58 7 94 81 91 60 62 93 10 44 100 24 68 70 29 73 71 19 87 27 88 21 45 12 37 30 16 53 99 90 67 33 56 55 48 22 6 42 96 72 15 26 63 95 52 23 34 17 20 64 57 75 92 41 14 69 36 13 47 38 ,10,0,5,4,10,0.15,90
../data/NEH/tests/t_j100_m20.txt,100,20,2,2.1436,7910,50 49 97 69 100 91 35 82 5 89 70 4 23 58 78 38 76 46 63 42 13 15 56 64 65 80 25 45 32 72 62 22 31 96 16 30 44 90 95 43 9 75 27 66 41 29 17 92 74 87 51 53 48 83 40 26 98 81 61 73 86 34 85 37 47 20 2 33 59 84 68 52 1 10 79 71 19 88 67 8 14 24 93 3 36 77 60 7 54 11 21 55 28 6 18 99 94 12 39 57 ,10,0,5,4,10,0.15,90
../data/NEH/tests/t_j100_m20.txt,100,20,2,3.30579,8000,50 49 14 95 100 5 82 75 87 70 99 96 71 98 93 8 48 3 17 26 81 62 23 25 13 44 41 90 36 64 66 56 45 65 73 58 84 30 22 59 69 9 43 15 6 19 68 34 7 11 18 28 74 4 67 80 32 27 42 92 38 63 85 97 24 61 89 40 31 76 51 78 29 60 53 86 91 35 37 47 20 2 33 10 52 1 79 77 72 54 88 46 21 83 94 16 55 12 57 39 ,10,0,5,4,10,0.15,90
../data/NEH/tests/t_j100_m20.txt,100,20,2,2.99587,7976,50 49 69 97 100 5 76 43 82 91 75 23 72 58 71 3 54 63 27 65 48 4 7 93 59 78 87 98 60 11 28 8 18 9 14 73 12 61 6 45 38 81 51 66 80 83 92 13 95 24 15 32 89 19 31 44 16 41 29 17 26 53 68 40 84 22 90 35 37 64 20 2 33 10 52 1 79 34 86 85 47 36 77 96 62 30 46 88 21 74 67 56 70 99 25 55 42 94 57 39 ,10,0,5,4,10,0.15,90
../data/NEH/tests/t_j100_m20.txt,100,20,3,4.19526,8047,42 10 90 23 41 11 97 9 87 67 96 60 48 18 49 37 76 86 63 58 99 78 75 56 40 85 46 2 32 29 47 82 17 5 26 30 28 35 33 6 73 80 71 1 13 84 62 31 79 55 21 8 15 64 94 69 54 61 51 25 4 20 91 27 3 88 24 66 22 77 70 39 50 53 98 43 36 57 89 44 7 68 72 45 59 16 93 81 12 83 19 34 38 92 52 14 74 65 95 100 ,10,0,5,4,10,0.15,90
../data/NEH/tests/t_j100_m20.txt,100,20,3,3.26298,7975,64 87 10 63 94 78 9 44 96 23 61 27 37 90 20 14 97 93 21 8 45 92 49 67 22 99 75 28 30 85 2 24 41 42 47 11 80 46 5 33 68 35 6 13 31 91 86 39 84 81 89 19 26 40 71 12 73 1 52 82 62 25 79 55 83 15 69 4 54 56 51 76 16 57 17 48 3 88 77 29 70 50 53 98 43 36 58 60 7 72 74 59 32 66 34 95 38 65 18 100 ,10,0,5,4,10,0.15,90
../data/NEH/tests/t_j100_m20.txt,100,20,3,3.89745,8024,87 10 96 90 24 92 42 41 11 95 60 20 57 78 34 81 85 39 33 49 94 77 27 76 63 74 86 66 44 99 93 30 8 2 40 67 80 9 84 31 75 4 5 47 82 32 35 72 19 25 46 22 91 26 71 6 89 73 1 13 52 56 18 15 55 97 64 12 69 54 61 51 48 23 58 17 38 3 88 29 70 50 53 98 43 36 7 68 28 59 62 16 37 45 79 21 14 65 83 100 ,10,0,5,4,10,0.15,90
../data/NEH/tests/t_j100_m20.txt,100,20,4,4.02945,8055,5 60 29 74 21 9 2 39 79 12 62 53 57 89 33 44 82 3 67 43 68 90 49 40 73 24 54 56 84 86 98 92 37 36 51 63 23 70 65 71 13 14 34 99 94 58 96 69 25 64 93 81 55 19 77 46 6 10 15 52 11 38 26 91 32 83 45 59 17 61 18 48 22 7 41 42 78 95 50 85 20 88 1 8 66 30 100 16 28 87 31 76 47 72 4 75 35 27 80 97 ,10,0,5,4,10,0.15,90
../data/NEH/tests/t_j100_m20.txt,100,20,4,2.26011,7918,5 69 60 29 44 17 89 79 27 39 21 96 37 51 26 28 72 65 45 94 58 23 59 88 8 97 70 84 71 13 31 87 4 9 35 99 24 36 56 49 74 98 92 43 68 93 81 55 19 77 46 6 48 54 15 52 11 2 91 32 86 66 83 64 18 67 63 57 25 1 41 42 22 78 7 38 95 50 85 20 16 76 47 61 75 82 30 12 14 100 34 10 90 3 73 62 53 80 40 33 ,10,0,5,4,10,0.15,90
../data/NEH/tests/t_j100_m20.txt,100,20,4,3.21581,7992,5 69 60 44 1 68 51 79 42 73 84 90 58 56 100 21 23 45 74 27 62 16 67 25 70 8 13 76 95 72 47 71 43 12 97 29 31 99 87 75 3 2 65 52 86 24 98 92 37 88 57 26 28 96 49 64 93 81 55 19 77 46 6 10 54 15 11 38 91 32 83 36 59 61 63 18 17 34 22 7 41 4 78 50 85 20 9 66 48 39 89 35 94 82 30 14 53 80 40 33 ,10,0,5,4,10,0.15,90
../data/NEH/tests/t_j100_m20.txt,100,20,5,3.62225,8010,98 33 15 49 51 13 47 72 91 71 99 76 39 75 83 9 58 5 19 77 79 20 43 27 23 36 37 8 97 12 17 30 10 66 85 64 50 40 54 1 35 52 14 69 82 11 29 31 70 81 88 55 7 92 34 48 100 26 2 63 24 78 93 44 21 84 80 61 62 68 86 4 3 95 74 45 28 60 90 94 41 57 53 32 16 56 6 46 87 89 38 65 59 42 96 25 22 73 67 18 ,10,0,5,4,10,0.15,90
../data/NEH/tests/t_j100_m20.txt,100,20,5,3.19534,7977,51 98 72 10 15 37 13 75 76 39 12 50 33 70 19 54 47 77 79 20 43 27 23 59 36 67 8 99 49 87 97 64 58 5 85 82 11 35 30 65 91 52 61 40 14 2 89 100 46 88 31 1 92 86 29 73 55 7 34 48 71 26 24 81 93 66 21 84 80 62 69 63 68 17 4 3 95 74 45 28 60 90 94 41 57 53 32 16 56 6 38 9 18 42 96 25 22 83 78 44 ,10,0,5,4,10,0.15,90
../data/NEH/tests/t_j100_m20.txt,100,20,5,3.09185,7969,98 33 5 49 15 37 13 97 76 39 12 30 78 28 4 54 85 35 75 24 58 52 64 40 82 19 77 47 79 73 20 43 27 23 59 36 100 8 99 10 83 70 69 14 50 86 17 88 2 46 29 55 7 92 89 48 72 26 74 93 66 21 84 80 61 91 62 63 81 31 3 95 38 45 60 90 94 41 57 53 32 16 56 6 87 11 65 34 42 1 96 25 68 67 9 71 44 22 18 51 ,10,0,5,4,10,0.15,90
../data/NEH/tests/t_j100_m20.txt,100,20,6,3.54801,8055,83 31 100 92 37 72 33 45 82 63 78 68 71 11 5 27 12 41 2 1 19 43 21 22 65 60 29 39 23 58 89 66 59 69 80 56 61 52 77 94 9 84 98 20 54 14 10 17 16 70 6 75 48 7 57 30 87 35 85 50 28 36 40 8 79 25 91 99 3 26 55 64 34 81 97 49 95 76 86 32 74 53 62 46 13 96 24 88 4 67 73 47 51 38 44 93 18 42 15 90 ,10,0,5,4,10,0.15,90
../data/NEH/tests/t_j100_m20.txt,100,20,6,3.0081,8013,83 100 92 72 12 45 33 82 58 38 78 29 98 20 94 10 22 84 23 39 93 37 80 56 19 41 2 1 86 4 21 53 47 13 89 66 52 25 87 27 88 51 35 76 32 68 71 17 24 16 70 6 75 48 69 7 57 54 50 28 36 40 8 99 79 30 73 26 60 62 55 11 64 34 61 49 14 81 91 97 5 95 9 3 65 74 85 67 77 46 63 31 96 59 44 43 18 42 15 90 ,10,0,5,4,10,0.15,90
../data/NEH/tests/t_j100_m20.txt,100,20,6,2.14681,7946,83 72 39 12 69 2 56 58 78 28 38 86 50 32 89 79 87 96 1 63 3 51 25 91 33 71 84 73 92 37 19 41 80 65 60 29 94 22 100 61 23 5 27 30 26 21 4 76 10 16 70 6 75 48 7 57 54 98 14 36 40 8 66 55 99 68 11 64 34 52 81 49 82 95 85 97 67 9 20 53 74 17 62 77 46 13 24 88 47 45 59 93 43 18 35 15 44 31 42 90 ,10,0,5,4,10,0.15,90
../data/NEH/tests/t_j100_m20.txt,100,20,7,2.74914,8073,95 85 62 88 80 49 93 32 1 65 53 25 15 44 83 37 27 19 96 86 33 28 30 14 3 41 94 13 64 24 23 2 20 9 66 6 31 7 58 97 63 5 42 79 71 55 67 72 57 92 18 26 40 12 69 36 38 34 70 59 21 29 84 54 16 77 90 74 11 89 45 61 17 60 8 39 47 87 73 91 43 82 46 99 51 98 100 48 4 52 22 78 68 10 81 56 50 35 76 75 ,10,0,5,4,10,0.15,90
../data/NEH/tests/t_j100_m20.txt,100,20,7,3.13097,8103,95 85 62 93 50 33 28 80 60 30 14 3 49 66 27 96 91 19 71 53 15 44 92 41 43 64 24 23 2 52 20 17 13 42 5 82 72 39 34 51 70 31 98 48 25 57 65 56 32 37 1 81 18 79 26 55 40 12 69 36 59 21 29 84 54 88 6 45 16 77 7 90 94 74 11 97 47 89 58 100 9 8 67 87 73 61 46 99 63 22 68 38 4 10 78 35 83 86 76 75 ,10,0,5,4,10,0.15,90
../data/NEH/tests/t_j100_m20.txt,100,20,7,3.13097,8103,95 85 62 93 50 33 28 80 60 30 14 3 49 66 27 96 91 19 71 53 15 44 92 41 43 64 24 23 2 52 20 17 13 42 5 82 72 39 34 51 70 31 98 48 25 57 65 56 32 37 1 81 18 79 26 55 40 12 69 36 59 21 29 84 54 88 6 45 16 77 7 90 94 74 11 97 47 89 58 100 9 8 67 87 73 61 46 99 63 22 68 38 4 10 78 35 83 86 76 75 ,10,0,5,4,10,0.15,90
../data/NEH/tests/t_j100_m20.txt,100,20,8,3.59585,8182,22 87 5 71 70 59 90 18 72 97 21 27 69 91 51 84 74 23 39 60 7 33 63 31 76 20 41 15 53 61 48 66 50 19 46 28 8 78 1 9 77 83 80 57 81 52 4 16 100 29 44 11 67 30 37 47 93 54 45 26 95 55 94 10 36 75 35 24 68 64 3 73 25 14 89 79 62 12 88 56 98 2 58 85 86 96 6 38 40 17 65 49 82 99 42 43 32 13 34 92 ,10,0,5,4,10,0.15,90
../data/NEH/tests/t_j100_m20.txt,100,20,8,3.34262,8162,72 87 8 22 71 68 18 7 19 100 57 41 12 90 33 86 43 45 60 28 21 27 47 83 29 94 23 63 74 1 9 15 70 69 81 31 44 56 84 58 80 93 39 10 50 37 95 49 82 91 85 76 36 75 46 24 55 64 66 61 11 73 25 14 89 79 62 53 48 88 2 5 59 30 51 78 98 67 54 77 38 40 17 65 35 52 42 3 20 16 4 96 32 34 6 99 13 97 92 26 ,10,0,5,4,10,0.15,90
../data/NEH/tests/t_j100_m20.txt,100,20,8,3.62117,8184,39 28 100 21 99 16 70 87 5 71 90 22 25 14 81 93 53 89 96 46 15 54 33 3 23 50 19 9 8 29 73 59 62 63 4 18 7 37 47 91 61 17 44 83 80 58 74 67 88 76 95 57 20 55 94 10 36 75 30 52 24 68 64 66 11 45 13 79 41 12 69 2 27 56 84 51 35 78 72 98 77 85 86 1 60 38 40 6 65 49 82 31 97 48 42 43 32 26 34 92 ,10,0,5,4,10,0.15,90
../data/NEH/tests/t_j100_m20.txt,100,20,9,2.73727,8032,7 75 66 16 80 74 43 54 90 62 21 15 50 19 14 38 29 32 100 2 25 69 61 65 30 39 86 82 18 33 11 20 13 57 28 77 31 79 60 26 76 51 8 3 17 42 68 92 85 40 87 9 55 67 58 27 93 88 4 41 89 73 84 94 81 46 1 12 96 97 48 72 53 37 52 49 99 36 44 23 22 78 56 64 10 95 83 34 63 6 59 24 47 71 70 5 35 45 91 98 ,10,0,5,4,10,0.15,90
../data/NEH/tests/t_j100_m20.txt,100,20,9,2.94193,8048,47 66 90 80 7 75 94 43 62 16 15 50 57 65 20 33 11 14 32 100 69 40 56 51 30 19 85 68 83 8 99 44 77 2 54 60 78 21 74 79 17 61 26 25 31 91 39 86 82 18 97 28 13 6 59 87 3 67 36 58 27 93 88 4 41 89 73 84 46 1 12 96 45 48 72 53 37 52 76 49 23 71 35 10 9 64 38 95 81 29 92 63 42 22 24 34 70 55 5 98 ,10,0,5,4,10,0.15,90
../data/NEH/tests/t_j100_m20.txt,100,20,9,2.36633,8003,7 2 22 74 44 90 80 16 54 43 10 51 17 78 50 15 13 61 20 40 87 11 14 38 82 3 99 21 59 33 30 32 100 69 79 39 86 65 25 26 83 18 23 6 57 31 91 9 68 19 36 67 58 27 93 88 4 41 89 8 73 84 94 46 1 12 96 97 48 72 53 37 52 76 29 85 49 24 60 71 47 62 56 64 81 92 28 63 42 77 95 34 70 75 45 5 55 66 35 98 ,10,0,5,4,10,0.15,90
../data/NEH/tests/t_j100_m20.txt,100,20,10,2.7799,8060,11 1 90 17 64 27 46 20 12 15 35 83 16 49 47 73 77 38 67 34 50 30 42 68 95 8 100 31 57 21 44 6 2 24 52 88 79 18 99 76 26 4 81 25 48 36 39 84 86 63 74 43 7 71 23 65 72 33 22 54 96 51 98 10 92 37 40 60 87 3 69 5 94 29 97 9 70 59 41 14 58 32 45 78 75 13 19 62 61 82 28 56 89 80 55 66 53 91 85 93 ,10,0,5,4,10,0.15,90
../data/NEH/tests/t_j100_m20.txt,100,20,10,3.11145,8086,11 1 90 20 15 96 64 35 52 77 56 39 57 68 63 88 6 24 83 98 86 49 2 70 74 47 99 76 87 14 36 81 45 58 46 37 26 75 61 82 28 73 59 31 42 44 21 30 67 18 95 16 43 48 65 72 33 27 71 22 54 23 51 10 38 92 40 60 3 69 5 94 29 9 32 4 13 25 89 78 19 62 34 50 97 79 12 7 84 41 100 80 85 17 8 53 55 91 66 93 ,10,0,5,4,10,0.15,90
../data/NEH/tests/t_j100_m20.txt,100,20,10,3.20071,8093,11 1 90 17 64 77 46 6 48 62 15 43 31 20 83 84 86 97 79 68 30 2 35 28 49 34 25 81 36 23 18 41 42 63 88 73 96 16 74 26 4 47 56 98 37 87 61 50 39 100 58 9 76 8 44 21 27 67 7 65 72 33 22 54 24 51 52 38 10 92 12 40 60 3 69 5 94 29 99 71 32 59 82 80 14 95 45 78 70 57 75 89 13 19 53 85 55 91 66 93 ,10,0,5,4,10,0.15,90
../data/NEH/tests/t_j20_m5.txt,20,5,1,1.38282,1393,3 17 9 8 19 1 16 14 5 4 10 2 6 18 7 12 11 15 13 20 ,10,0,5,4,10,0.15,90
../data/NEH/tests/t_j20_m5.txt,20,5,1,1.52838,1395,3 17 9 1 11 15 5 18 12 4 2 13 14 16 8 19 6 10 7 20 ,10,0,5,4,10,0.15,90
../data/NEH/tests/t_j20_m5.txt,20,5,1,1.0917,1389,3 17 9 8 19 6 2 14 4 11 13 5 18 12 1 16 15 10 7 20 ,10,0,5,4,10,0.15,90
../data/NEH/tests/t_j20_m5.txt,20,5,2,0.994318,1422,15 9 1 13 5 11 7 4 8 19 10 6 20 3 17 12 2 16 18 14 ,10,0,5,4,10,0.15,90
../data/NEH/tests/t_j20_m5.txt,20,5,2,1.42045,1428,15 9 1 13 5 11 3 19 4 17 10 7 8 6 20 12 2 16 18 14 ,10,0,5,4,10,0.15,90
../data/NEH/tests/t_j20_m5.txt,20,5,2,0.923295,1421,15 9 1 13 19 4 8 6 5 3 17 12 11 7 20 2 16 18 10 14 ,10,0,5,4,10,0.15,90
../data/NEH/tests/t_j20_m5.txt,20,5,3,1.25,1296,16 14 17 6 1 4 19 11 8 13 3 20 18 7 12 5 9 2 10 15 ,10,0,5,4,10,0.15,90
../data/NEH/tests/t_j20_m5.txt,20,5,3,2.26562,1309,16 18 12 7 5 9 8 10 20 19 11 6 13 4 3 14 17 1 15 2 ,10,0,5,4,10,0.15,90
../data/NEH/tests/t_j20_m5.txt,20,5,3,1.5625,1300,3 16 20 12 5 9 14 10 18 7 17 6 1 13 19 11 8 4 15 2 ,10,0,5,4,10,0.15,90
../data/NEH/tests/t_j20_m5.txt,20,5,4,0.552486,1456,13 9 16 7 1 5 3 20 11 10 2 12 19 6 17 15 8 14 4 18 ,10,0,5,4,10,0.15,90
../data/NEH/tests/t_j20_m5.txt,20,5,4,0.621547,1457,13 9 16 7 2 12 3 20 11 15 10 1 5 8 17 19 6 14 4 18 ,10,0,5,4,10,0.15,90
../data/NEH/tests/t_j20_m5.txt,20,5,4,1.17403,1465,13 9 16 7 1 5 6 11 15 2 12 3 20 17 19 10 8 14 4 18 ,10,0,5,4,10,0.15,90
../data/NEH/tests/t_j20_m5.txt,20,5,5,0.223714,1344,3 12 10 9 4 13 6 17 2 16 14 11 15 19 7 18 1 20 8 5 ,10,0,5,4,10,0.15,90
../data/NEH/tests/t_j20_m5.txt,20,5,5,0.59657,1349,3 12 10 9 4 16 6 19 2 11 15 13 7 17 14 18 1 20 8 5 ,10,0,5,4,10,0.15,90
../data/NEH/tests/t_j20_m5.txt,20,5,5,0.223714,1344,3 12 10 9 4 13 6 17 2 16 14 11 15 19 7 18 1 20 8 5 ,10,0,5,4,10,0.15,90
../data/NEH/tests/t_j20_m5.txt,20,5,6,0.146735,1365,14 20 17 13 12 7 16 8 1 11 10 6 19 15 9 4 18 5 3 2 ,10,0,5,4,10,0.15,90
../data/NEH/tests/t_j20_m5.txt,20,5,6,1.32062,1381,14 17 6 7 12 13 15 9 4 18 5 20 8 1 11 10 16 19 3 2 ,10,0,5,4,10,0.15,90
../data/NEH/tests/t_j20_m5.txt,20,5,6,0.29347,1367,14 20 17 11 10 6 19 15 9 4 18 12 7 16 8 1 13 5 3 2 ,10,0,5,4,10,0.15,90
../data/NEH/tests/t_j20_m5.txt,20,5,7,0.724113,1391,10 2 13 11 3 8 6 9 7 4 20 5 15 12 19 1 16 17 18 14 ,10,0,5,4,10,0.15,90
../data/NEH/tests/t_j20_m5.txt,20,5,7,1.52064,1402,10 2 5 11 6 3 8 9 7 4 20 19 1 16 17 13 15 12 18 14 ,10,0,5,4,10,0.15,90
../data/NEH/tests/t_j20_m5.txt,20,5,7,0.796524,1392,10 2 15 1 19 11 3 8 5 6 9 7 4 20 13 12 16 17 18 14 ,10,0,5,4,10,0.15,90
../data/NEH/tests/t_j20_m5.txt,20,5,8,0.217549,1382,12 6 17 16 9 19 8 7 13 20 11 10 2 14 18 4 15 5 3 1 ,10,0,5,4,10,0.15,90
../data/NEH/tests/t_j20_m5.txt,20,5,8,1.23278,1396,12 2 16 9 19 8 20 13 15 5 3 17 14 18 4 7 11 10 6 1 ,10,0,5,4,10,0.15,90
../data/NEH/tests/t_j20_m5.txt,20,5,8,1.08774,1394,12 17 2 14 18 19 8 7 13 3 15 16 9 4 5 20 11 10 6 1 ,10,0,5,4,10,0.15,90
../data/NEH/tests/t_j20_m5.txt,20,5,9,1.67516,1396,4 10 7 8 18 17 3 1 19 9 12 16 2 20 6 11 14 5 13 15 ,10,0,5,4,10,0.15,90
../data/NEH/tests/t_j20_m5.txt,20,5,9,1.45666,1393,4 16 2 8 20 1 14 3 9 6 11 18 17 19 13 15 12 10 7 5 ,10,0,5,4,10,0.15,90
../data/NEH/tests/t_j20_m5.txt,20,5,9,2.11216,1402,4 10 2 8 18 17 3 1 19 9 12 16 7 20 6 11 14 5 13 15 ,10,0,5,4,10,0.15,90
../data/NEH/tests/t_j20_m5.txt,20,5,10,1.24708,1299,11 7 19 18 2 1 13 6 10 8 3 14 4 20 17 12 16 5 9 15 ,10,0,5,4,10,0.15,90
../data/NEH/tests/t_j20_m5.txt,20,5,10,1.4809,1302,11 7 19 16 3 8 4 13 18 2 1 6 10 14 20 17 12 5 9 15 ,10,0,5,4,10,0.15,90
../data/NEH/tests/t_j20_m5.txt,20,5,10,1.40296,1301,7 19 16 2 18 13 1 3 4 12 8 6 10 14 20 17 9 11 5 15 ,10,0,5,4,10,0.15,90
../data/NEH/tests/t_j20_m10.txt,20,10,1,0.471143,1706,18 5 2 3 17 19 9 10 20 14 12 7 6 8 13 15 11 4 1 16 ,10,0,5,4,10,0.15,90
../data/NEH/tests/t_j20_m10.txt,20,10,1,0.883392,1713,18 5 3 2 12 17 10 13 9 15 7 6 8 19 14 20 11 4 1 16 ,10,0,5,4,10,0.15,90
../data/NEH/tests/t_j20_m10.txt,20,10,1,0.471143,1706,18 5 9 3 17 19 2 15 10 14 12 7 6 8 13 20 11 4 1 16 ,10,0,5,4,10,0.15,90
../data/NEH/tests/t_j20_m10.txt,20,10,2,0.218221,1837,12 13 19 15 9 7 2 1 5 6 17 20 16 11 3 10 8 14 4 18 ,10,0,5,4,10,0.15,90
../data/NEH/tests/t_j20_m10.txt,20,10,2,0.490998,1842,12 13 17 19 15 9 7 2 1 10 5 6 8 11 20 16 14 3 4 18 ,10,0,5,4,10,0.15,90
../data/NEH/tests/t_j20_m10.txt,20,10,2,0.654664,1845,12 13 17 20 9 19 15 2 7 10 1 5 6 8 11 16 14 3 4 18 ,10,0,5,4,10,0.15,90
../data/NEH/tests/t_j20_m10.txt,20,10,3,1.20555,1679,4 7 9 5 15 1 6 20 16 12 13 10 14 11 2 18 17 19 3 8 ,10,0,5,4,10,0.15,90
../data/NEH/tests/t_j20_m10.txt,20,10,3,1.50693,1684,4 3 17 7 9 11 5 13 20 1 6 14 18 15 2 16 12 10 19 8 ,10,0,5,4,10,0.15,90
../data/NEH/tests/t_j20_m10.txt,20,10,3,1.68776,1687,4 7 9 5 15 6 20 10 16 12 14 13 11 2 18 17 19 3 1 8 ,10,0,5,4,10,0.15,90
../data/NEH/tests/t_j20_m10.txt,20,10,4,0.0,1535,18 11 13 4 20 2 7 6 10 3 12 16 1 15 9 14 17 19 8 5 ,10,0,5,4,10,0.15,90
../data/NEH/tests/t_j20_m10.txt,20,10,4,0.19544,1538,18 11 4 20 10 2 7 6 13 3 12 16 1 15 9 14 17 19 8 5 ,10,0,5,4,10,0.15,90
../data/NEH/tests/t_j20_m10.txt,20,10,4,0.716612,1546,18 11 6 20 3 12 16 2 15 13 7 1 10 9 4 14 17 19 8 5 ,10,0,5,4,10,0.15,90
../data/NEH/tests/t_j20_m10.txt,20,10,5,1.05133,1634,16 8 4 6 1 12 14 19 10 13 18 2 20 15 7 5 3 11 9 17 ,10,0,5,4,10,0.15,90
../data/NEH/tests/t_j20_m10.txt,20,10,5,0.927644,1632,16 8 4 20 15 13 12 10 14 19 6 2 18 1 7 5 3 17 9 11 ,10,0,5,4,10,0.15,90
../data/NEH/tests/t_j20_m10.txt,20,10,5,0.742115,1629,16 8 18 13 1 15 20 12 7 5 19 2 6 14 4 10 3 17 9 11 ,10,0,5,4,10,0.15,90
../data/NEH/tests/t_j20_m10.txt,20,10,6,1.44654,1613,8 13 18 19 4 9 17 5 16 14 6 3 7 1 20 10 11 15 2 12 ,10,0,5,4,10,0.15,90
../data/NEH/tests/t_j20_m10.txt,20,10,6,1.76101,1618,8 13 18 19 6 16 17 15 5 10 9 3 7 12 20 11 14 4 2 1 ,10,0,5,4,10,0.15,90
../data/NEH/tests/t_j20_m10.txt,20,10,6,1.69811,1617,8 13 18 19 6 3 7 17 5 10 4 14 9 1 20 11 16 15 2 12 ,10,0,5,4,10,0.15,90
../data/NEH/tests/t_j20_m10.txt,20,10,7,0.431566,1629,19 4 7 1 6 9 17 13 18 20 12 2 5 14 16 11 3 10 8 15 ,10,0,5,4,10,0.15,90
../data/NEH/tests/t_j20_m10.txt,20,10,7,0.554871,1631,19 4 7 17 18 1 6 12 5 13 20 9 2 14 16 11 3 10 8 15 ,10,0,5,4,10,0.15,90
../data/NEH/tests/t_j20_m10.txt,20,10,7,0.431566,1629,19 4 7 1 6 9 17 13 18 20 12 2 5 14 16 11 3 10 8 15 ,10,0,5,4,10,0.15,90
../data/NEH/tests/t_j20_m10.txt,20,10,8,0.924321,1747,7 17 15 4 10 3 20 8 16 5 19 11 18 14 9 6 2 1 13 12 ,10,0,5,4,10,0.15,90
../data/NEH/tests/t_j20_m10.txt,20,10,8,1.38648,1755,7 10 17 15 4 13 5 8 3 20 19 16 18 14 2 1 9 6 11 12 ,10,0,5,4,10,0.15,90
../data/NEH/tests/t_j20_m10.txt,20,10,8,1.7331,1761,7 10 17 3 5 4 16 20 19 15 14 9 6 11 18 8 1 13 2 12 ,10,0,5,4,10,0.15,90
../data/NEH/tests/t_j20_m10.txt,20,10,9,0.457928,1755,14 12 17 4 2 5 19 20 1 10 13 15 7 6 18 16 11 3 8 9 ,10,0,5,4,10,0.15,90
../data/NEH/tests/t_j20_m10.txt,20,10,9,1.14482,1767,14 6 12 20 4 2 5 18 13 15 7 19 17 1 10 16 11 3 8 9 ,10,0,5,4,10,0.15,90
../data/NEH/tests/t_j20_m10.txt,20,10,9,0.57241,1757,14 12 20 11 18 17 4 2 1 10 7 15 16 19 5 3 13 6 8 9 ,10,0,5,4,10,0.15,90
../data/NEH/tests/t_j20_m10.txt,20,10,10,0.953984,1799,5 16 17 3 4 19 6 13 8 15 18 7 10 2 1 20 9 14 11 12 ,10,0,5,4,10,0.15,90
../data/NEH/tests/t_j20_m10.txt,20,10,10,0.448934,1790,5 16 17 4 13 19 6 2 9 7 8 10 1 15 18 20 14 3 11 12 ,10,0,5,4,10,0.15,90
../data/NEH/tests/t_j20_m10.txt,20,10,10,1.12233,1802,5 17 4 19 6 13 7 10 16 8 15 1 20 18 3 2 9 14 11 12 ,10,0,5,4,10,0.15,90
../data/NEH/tests/t_j20_m20.txt,20,20,1,0.246305,2442,16 18 14 8 9 15 13 1 20 10 11 6 12 7 5 2 4 17 3 19 ,10,0,5,4,10,0.15,90
../data/NEH/tests/t_j20_m20.txt,20,20,1,0.123153,2439,16 7 10 14 8 9 2 11 13 20 6 12 18 5 15 1 3 17 4 19 ,10,0,5,4,10,0.15,90
../data/NEH/tests/t_j20_m20.txt,20,20,1,0.369458,2445,16 8 7 9 3 13 20 2 10 11 14 6 12 18 5 15 1 17 4 19 ,10,0,5,4,10,0.15,90
../data/NEH/tests/t_j20_m20.txt,20,20,2,0.716204,2250,18 11 6 4 20 1 16 14 3 10 13 12 7 8 19 15 5 17 9 2 ,10,0,5,4,10,0.15,90
../data/NEH/tests/t_j20_m20.txt,20,20,2,0.537153,2246,18 11 20 6 17 3 10 4 15 1 16 14 13 7 12 19 8 5 9 2 ,10,0,5,4,10,0.15,90
../data/NEH/tests/t_j20_m20.txt,20,20,2,0.537153,2246,18 11 4 6 14 3 10 20 12 13 16 19 5 8 15 1 7 17 9 2 ,10,0,5,4,10,0.15,90
../data/NEH/tests/t_j20_m20.txt,20,20,3,0.0,2479,4 14 16 15 1 13 5 9 18 10 11 12 20 17 19 6 8 3 2 7 ,10,0,5,4,10,0.15,90
../data/NEH/tests/t_j20_m20.txt,20,20,3,0.0,2479,4 14 16 15 1 13 5 9 18 10 11 12 8 3 19 6 20 17 2 7 ,10,0,5,4,10,0.15,90
../data/NEH/tests/t_j20_m20.txt,20,20,3,0.36305,2488,2 4 20 14 16 15 1 13 5 9 18 10 11 12 8 3 17 6 19 7 ,10,0,5,4,10,0.15,90
../data/NEH/tests/t_j20_m20.txt,20,20,4,0.468484,2359,14 3 4 20 8 15 1 7 5 2 18 6 13 12 19 16 10 9 17 11 ,10,0,5,4,10,0.15,90
../data/NEH/tests/t_j20_m20.txt,20,20,4,0.0,2348,14 3 4 20 8 13 6 2 15 18 1 12 7 5 19 16 10 9 17 11 ,10,0,5,4,10,0.15,90
../data/NEH/tests/t_j20_m20.txt,20,20,4,0.383305,2357,14 8 4 20 2 12 13 16 6 19 10 18 15 1 7 5 3 9 17 11 ,10,0,5,4,10,0.15,90
../data/NEH/tests/t_j20_m20.txt,20,20,5,0.73922,2453,10 15 19 9 18 2 1 7 4 3 17 13 20 5 12 16 14 8 11 6 ,10,0,5,4,10,0.15,90
../data/NEH/tests/t_j20_m20.txt,20,20,5,0.574949,2449,9 18 14 2 19 1 17 10 15 3 12 13 4 5 20 16 7 11 8 6 ,10,0,5,4,10,0.15,90
../data/NEH/tests/t_j20_m20.txt,20,20,5,0.0,2435,9 18 14 2 19 1 20 17 10 15 3 13 4 5 11 12 16 7 8 6 ,10,0,5,4,10,0.15,90
../data/NEH/tests/t_j20_m20.txt,20,20,6,0.923206,2405,6 14 1 13 2 5 9 17 15 7 18 12 20 11 8 10 4 19 3 16 ,10,0,5,4,10,0.15,90
../data/NEH/tests/t_j20_m20.txt,20,20,6,0.587495,2397,6 13 1 2 5 15 18 17 8 7 12 20 4 9 11 10 14 19 3 16 ,10,0,5,4,10,0.15,90
../data/NEH/tests/t_j20_m20.txt,20,20,6,0.713386,2400,6 18 2 5 1 13 10 3 15 20 7 17 12 16 4 9 11 8 14 19 ,10,0,5,4,10,0.15,90
../data/NEH/tests/t_j20_m20.txt,20,20,7,0.292887,2397,10 12 17 5 20 14 18 4 6 16 19 1 2 9 8 3 11 7 15 13 ,10,0,5,4,10,0.15,90
../data/NEH/tests/t_j20_m20.txt,20,20,7,0.962343,2413,17 10 12 9 20 14 18 16 1 5 6 2 11 7 4 19 15 8 3 13 ,10,0,5,4,10,0.15,90
../data/NEH/tests/t_j20_m20.txt,20,20,7,0.585774,2404,10 17 4 12 9 14 18 6 16 19 8 1 5 20 2 3 11 7 15 13 ,10,0,5,4,10,0.15,90
../data/NEH/tests/t_j20_m20.txt,20,20,8,0.472509,2339,4 16 10 2 14 17 7 20 5 8 3 19 13 11 18 6 15 12 1 9 ,10,0,5,4,10,0.15,90
../data/NEH/tests/t_j20_m20.txt,20,20,8,0.558419,2341,4 16 10 2 14 17 7 20 5 13 3 11 6 19 8 18 15 12 1 9 ,10,0,5,4,10,0.15,90
../data/NEH/tests/t_j20_m20.txt,20,20,8,0.859107,2348,4 16 10 20 2 14 17 7 5 13 3 11 19 6 8 18 15 12 1 9 ,10,0,5,4,10,0.15,90
../data/NEH/tests/t_j20_m20.txt,20,20,9,0.380872,2372,1 8 7 6 2 14 13 11 18 17 4 10 12 3 9 15 20 16 19 5 ,10,0,5,4,10,0.15,90
../data/NEH/tests/t_j20_m20.txt,20,20,9,0.804063,2382,1 8 10 7 13 3 6 2 14 12 18 15 20 9 17 4 11 16 19 5 ,10,0,5,4,10,0.15,90
../data/NEH/tests/t_j20_m20.txt,20,20,9,0.761744,2381,1 8 17 4 6 10 13 11 14 2 7 18 15 3 9 12 20 16 19 5 ,10,0,5,4,10,0.15,90
../data/NEH/tests/t_j20_m20.txt,20,20,10,0.38743,2332,3 7 17 19 15 6 13 18 1 12 8 2 9 10 16 5 4 11 20 14 ,10,0,5,4,10,0.15,90
../data/NEH/tests/t_j20_m20.txt,20,20,10,0.0,2323,3 7 17 19 6 18 1 15 12 2 9 10 8 5 4 11 16 13 20 14 ,10,0,5,4,10,0.15,90
../data/NEH/tests/t_j20_m20.txt,20,20,10,0.430478,2333,3 7 17 15 16 19 8 18 1 12 6 2 9 10 13 5 4 11 20 14 ,10,0,5,4,10,0.15,90
